Jin Henry,85
Jameson Fernandez,88
Chaney Wilcox,91
Shea Hyde,94
Amery Oneal,97
Patricia Deleon,100
Gray Colon,103
Jameson Coleman,106
Avram Hebert,109
Camilla Mckee,112
Barrett Sosa,115
Valentine Kirby,118
Elton Pena,121
Kevin Gilmore,124
Carlos Bates,127
Lareina Roach,130
Joel Avery,133
Remedios Hanson,136
Remedios French,139
Nigel Sutton,142
Joan Hunt,145
Timothy Soto,148
Kyla Burgess,151
Vance Mccarthy,154
Kelsey Greer,157
Holmes Armstrong,160
Brenda Newman,163
Rinah Montoya,166
Savannah Kirk,169
Rudyard Pennington,172
Angela Kemp,175
Buffy Robertson,178
Cairo Mccray,181
Christine Vincent,184
Adena Sosa,187
Gage Washington,190
Travis Joyce,193
Kasimir Black,196
Porter Thomas,199
Jorden Gutierrez,202
Jenna Austin,205
Alfreda Howard,208
Aquila Berger,211
Xander Snow,214
Lewis Turner,217
Courtney Miles,220
Delilah Haynes,223
Wynne Franks,226
Chloe Robbins,229
Clarke Luna,232
Rahim Holloway,235
Warren Ferrell,238
Quincy Valdez,241
Rowan Foley,244
Tana Pacheco,247
Rhonda Key,250
Scarlet Yang,253
Yuli Odonnell,256
Kiara Murphy,259
Ezra Carroll,262
August Rich,265
Ryan Salas,268
Marcia Mcgee,271
Lev Bates,274
Adam Ware,277
Sharon Bishop,280
Charde Ellison,283
Elton Lucas,286
Jerome Valencia,289
Simon Irwin,292
Walter Mckee,295
Darrel Vega,298
Wayne Montoya,301
Hedy Wiggins,304
Nicholas Bradshaw,307
Harding Hays,310
Jeremy Holder,313
Xander Savage,316
Nomlanga Dixon,319
Declan Soto,322
Patience Padilla,325
Orson Chambers,328
Suki Calhoun,331
Hector Powers,334
Daryl Daniel,337
Wesley Osborn,340
Irene Rios,343
Calista Watts,346
Delilah Vargas,349
Bethany Guerra,352
Olga Cardenas,355
Raja Odonnell,358
Paul Charles,361
Jeremy Dunlap,364
Allegra Good,367
Ila Chase,370
Wyatt Foreman,373
Asher Wilder,376
Amela Weaver,379
Sonia William,382